path,bytes,sha256
ServoPeregrino_Organizador_Nexus/$PBOPREFIX$,33,ceeba97da9015c486ae02907a711f4f4f72854471b62bfa25051366eb1899e3e
ServoPeregrino_Organizador_Nexus/config.cpp,2170,c1ba2a1ac2f719ae31db31288fd978e9ec8f478195dee702d27f3dc7fa82b78d
ServoPeregrino_Organizador_Nexus/functions/capabilities/fn_getCapability.sqf,679,73c669e0f0dbcc46b38809d8728b9796eac7d115a7df418b424ee754b4b82735
ServoPeregrino_Organizador_Nexus/functions/capabilities/fn_hasCapability.sqf,405,d5ca76361025718811872afe9670a842a7c010d52df2cce4b779ff83ea34ce32
ServoPeregrino_Organizador_Nexus/functions/capabilities/fn_listCapabilities.sqf,492,b4d79ffe45770e8474e1f88ba4ccadda70cde2c13c7e721f4ecaa8d086a37e07
ServoPeregrino_Organizador_Nexus/functions/capabilities/fn_registerCapability.sqf,2223,0593aa8b39573d894ad1ada93200f9fb852c3453264b4d4b57431905ec079921
ServoPeregrino_Organizador_Nexus/functions/capabilities/fn_unregisterCapability.sqf,1074,e351624f522e8560da4bf2b495ac456f27932c4711ae3c24ef186f1c9e112925
ServoPeregrino_Organizador_Nexus/functions/contracts/fn_createContract.sqf,656,f5bc844679dc81cdb012e6a076d7757df8feab47e96f18c8aee6a89317187b8b
ServoPeregrino_Organizador_Nexus/functions/contracts/fn_registerContractDefinition.sqf,2758,52e6108cc75f3554ab1bd041963a3c397207a691b34eb1c7c502a77c2268d8b8
ServoPeregrino_Organizador_Nexus/functions/contracts/fn_validateContract.sqf,2252,63ece2fccb4c1fd16656088d9235d96d11929496b0e2077a369a5c1f5e5d034f
ServoPeregrino_Organizador_Nexus/functions/diagnostics/fn_createDiagnostic.sqf,519,007ca109ba924c27e58cd936cfdda3431f73cb9211f9de4d84fc48927b2b5fe9
ServoPeregrino_Organizador_Nexus/functions/diagnostics/fn_log.sqf,839,6b5324a989e7eb94f11dac728dbedbb851a3421f2a3c57b225e14cc6305bad82
ServoPeregrino_Organizador_Nexus/functions/diagnostics/fn_setLogLevel.sqf,747,de073145939e7f2e9cec7ce503bf5e8733258b0d242a3799e7c562e23ef46812
ServoPeregrino_Organizador_Nexus/functions/events/fn_publishEvent.sqf,2228,41834890ddc277af376ff54b745999c59f888855cd45cf908229c3eb09657af0
ServoPeregrino_Organizador_Nexus/functions/events/fn_subscribeEvent.sqf,1438,072a9958c103bf27565ce3b226b5256188056b85b9852094689f4a3d4535d5df
ServoPeregrino_Organizador_Nexus/functions/events/fn_unsubscribeEvent.sqf,962,ad09f3c599c8c5fff539e202fc6db5ca9fc7ef7193b9d0d5ee3482b25462d6b5
ServoPeregrino_Organizador_Nexus/functions/lifecycle/fn_getBuildInfo.sqf,376,8e48bea889f215b6f6999909e928bc894da53c46aa5a6cd4f721e8dbe04d0366
ServoPeregrino_Organizador_Nexus/functions/lifecycle/fn_initialize.sqf,1743,84342cbbbcf1da45db925cf748386f66d44d8a4c85a1fc327634875742018054
ServoPeregrino_Organizador_Nexus/functions/results/fn_createResult.sqf,493,b401c6b5fa641ffa59cc2dcc0865cdfd297c0f3c613441809c389925aefd89c4
ServoPeregrino_Organizador_Nexus/functions/results/fn_isResult.sqf,399,8d70c6f2d21f813035c826e188a21530fd03a6ce8d9e8c979be7a1fded5c7dbc
ServoPeregrino_Organizador_Nexus/functions/tests/fn_installTestActions.sqf,1099,5c52b4c7a65f32a448b48bcdabefa6917e37642165b0e15920c3e0a80d293d7c
ServoPeregrino_Organizador_Nexus/functions/tests/fn_resetRuntimeForTests.sqf,573,4ab2681d6e9615aa536194a944aa35f42f2dbf42bbfa072dfe068aafb563e936
ServoPeregrino_Organizador_Nexus/functions/tests/fn_runDelivery1_1Tests.sqf,10023,e9eca9603d2248c7ee39b1c8d1c73652dbe7ef319f4bbe7e2845d9180ae5f285
ServoPeregrino_Organizador_Nexus/script_version.hpp,1135,9f5609e9ad5eea2a118c0d7461301fbd3b91660ff059cee94c70b3b5c3531a20
ServoPeregrino_Organizador_Items/$PBOPREFIX$,33,fcaaae55689356103b677e2b6c8d221fb9c6215dc9d26b7f5ff803fcb70aea93
ServoPeregrino_Organizador_Items/config.cpp,11057,3700085863db00cfd8918db8f716d17aa84756960dae7c6c838f628da31618c5
ServoPeregrino_Organizador_Items/functions/application/fn_acquireApplicationLock.sqf,2289,a83e2926237d2dad798b7982371836e08b0b08b0483d274af1e7d985ac533cce
ServoPeregrino_Organizador_Items/functions/application/fn_captureContainerSnapshot.sqf,1368,0349ecc3321c32bfb68f52ef0aa08fe01f54924edbd799041e88f39a88eac91a
ServoPeregrino_Organizador_Items/functions/application/fn_chooseApplicationTarget.sqf,2311,1e74936a1237faf6d48d78035395304898c9a158d594a00314e4a30448358ab7
ServoPeregrino_Organizador_Items/functions/application/fn_createApplicationPlan.sqf,10210,643df6e74c59b6571808faa735168b212c5cffecda5657e0e00c6114dbbdecfb
ServoPeregrino_Organizador_Items/functions/application/fn_createClearApplicationPlan.sqf,2857,93d39bdcb9ab9bd098c6f2e8d6c7f6cb775fe1f630a9701500426df78131c13d
ServoPeregrino_Organizador_Items/functions/application/fn_createReplaceApplicationPlan.sqf,6530,e7e27d0a6d9787640df3c5a30cc0cac4c69dd752d8b35aaa00c5b8f7216a1864
ServoPeregrino_Organizador_Items/functions/application/fn_createWholeKitApplicationPlan.sqf,1116,c2771ff6de93cd1fc5141e27e5540c4e60eb65302be36961666d7d8a149fea78
ServoPeregrino_Organizador_Items/functions/application/fn_executeApplicationPlan.sqf,8752,af502b4446a33741566ac9e59436371fbb0a4f3d98108c59e0712e6b09d7ff93
ServoPeregrino_Organizador_Items/functions/application/fn_executeContentOperation.sqf,1362,f48d9b0e6666b37ba6e30ffda812e7c9116734d6e3ba17f334100acbc532a836
ServoPeregrino_Organizador_Items/functions/application/fn_executeDraftApplication.sqf,875,516c3d3ee0f3ac97bdbc6d51ea83e9df10a1e50ce8b9d50ea1af836372bcd629
ServoPeregrino_Organizador_Items/functions/application/fn_executeSavedKitApplication.sqf,906,d8b7781ec3015ac9b923980e72e7e3a720f3ed0e85ebeaa6d003a8b3461c8eb0
ServoPeregrino_Organizador_Items/functions/application/fn_executeSingleOperation.sqf,1118,61662db9ef1109c7758211e374f8048e3c82c6d5978ccc6de566ecf33c94ec62
ServoPeregrino_Organizador_Items/functions/application/fn_getApplicationStatus.sqf,1010,b017e965049b1f5883e158c5a4fd2642c8f9e2481609f00f52313f220401d69e
ServoPeregrino_Organizador_Items/functions/application/fn_getDraftApplicationSource.sqf,1154,4e40788ef7c1a8a7e1ff4012ef1ec3180d31386d2cda83f440623a7840973705
ServoPeregrino_Organizador_Items/functions/application/fn_getEntryUnitMass.sqf,730,d0b14dea5b465f8b502ed88c654a1f69e52c639e3e65d8c0aa9cf0007063ae2d
ServoPeregrino_Organizador_Items/functions/application/fn_getSavedKitApplicationSource.sqf,749,8f1eec8016449e7c228ad764016aa6438568db0c715474bd06f9079e371a8517
ServoPeregrino_Organizador_Items/functions/application/fn_mutateContainerEntry.sqf,3459,7313bb09444549fca481f8b19f86d424a7545e75f29a6478946e3b574c2a3103
ServoPeregrino_Organizador_Items/functions/application/fn_releaseApplicationLock.sqf,1169,d9258fa3bc695bb5de2b89977ae863c74db9b24773f5b4619de6f57eaf86f9f3
ServoPeregrino_Organizador_Items/functions/application/fn_resolveApplicationTarget.sqf,1591,f9e9878516062b740d1bf887417b6a4fb31677f1495deca105d3c3e20347be61
ServoPeregrino_Organizador_Items/functions/application/fn_restoreContainerSnapshot.sqf,2496,896aab1b55d4e3abdcd9ff560a1c94e7ab5d154cba472b7125bcf0bf518e8e2a
ServoPeregrino_Organizador_Items/functions/application/fn_rollbackApplication.sqf,1033,dc799a4aa1d534dd9a6eaf3fb047ba5173e4614078ad18a2018899b955277392
ServoPeregrino_Organizador_Items/functions/application/fn_simulateApplicationEntries.sqf,3078,647408b979e2cdd079c25457aa9b7fac6ca8c5ff1f1e6ca340107305189cc184
ServoPeregrino_Organizador_Items/functions/application/fn_validateApplicationPlan.sqf,2110,f3f2b8a7c7a4c55b864f390e89a32430b0ef366d189a1d5e0955f4a5cbdf6c23
ServoPeregrino_Organizador_Items/functions/catalog/fn_buildCatalog.sqf,11255,476bf52f8ca1583af2335da1177fc095560b436fa81124d9a7684a4264aef228
ServoPeregrino_Organizador_Items/functions/catalog/fn_classifyContentClass.sqf,4166,fed4a47a1972da0a3739d1b90f0e851cd84fe5124f2c317956107b47607cc454
ServoPeregrino_Organizador_Items/functions/catalog/fn_copyCatalogItem.sqf,303,5b71c9a323f03ce85835d1bc84088a13197455cc01544164ba411d7efcd43c44
ServoPeregrino_Organizador_Items/functions/catalog/fn_createCatalogItemFromConfig.sqf,2922,1cc95359f2c9759b25aa1f838ec30cc0ca9aef4d305910ddf884f2fbc7d7b34c
ServoPeregrino_Organizador_Items/functions/catalog/fn_deriveCatalogCategory.sqf,1708,e5f7565ba5c974dab279a12775af1870191c4c6430d30a7f0dfc9a4a37563060
ServoPeregrino_Organizador_Items/functions/catalog/fn_filterCatalog.sqf,1829,b53953545f9073c9d1ca97cbfe9de19491ba896b621b59a681e31b0a6ade40d5
ServoPeregrino_Organizador_Items/functions/catalog/fn_getCatalog.sqf,933,c47548f951755cc7b3dbdcf98918d56068391e7a043460d7c199a293a36294b7
ServoPeregrino_Organizador_Items/functions/catalog/fn_getCatalogCategories.sqf,118,50c0fac455a97e328a5203b66548d28ce60651c513b7a3b1767c5ca2d8771f91
ServoPeregrino_Organizador_Items/functions/catalog/fn_getCatalogStatus.sqf,2574,aa94b00c6e8b9b11f20f09e8cd5df0836bbccb168424332d296206aee6b8544a
ServoPeregrino_Organizador_Items/functions/catalog/fn_invalidateCatalogCache.sqf,2178,5cd1aaa762a096904b90ad887fa0d5569e377e3678c793d79426c0df55ac4ec5
ServoPeregrino_Organizador_Items/functions/catalog/fn_resolveCatalogItem.sqf,2606,1a375e14a15e1462f222f55d1ecb521afd4cde88e1b19d83d617ea713a28b9c9
ServoPeregrino_Organizador_Items/functions/domain/fn_cloneItemKit.sqf,984,657751c82ba569362bc19f022a221c51a8ef82e63e2151738c302cb89c66c119
ServoPeregrino_Organizador_Items/functions/domain/fn_createItemEntry.sqf,782,a52a570007351bf251d682938a0ae4d2831495a0f66202b1a349b969c0bc50a3
ServoPeregrino_Organizador_Items/functions/domain/fn_createItemKit.sqf,1643,c04b4ae0bd0d94ba12051feb66ce5309fde3df1dffb30417b333971e23d716b5
ServoPeregrino_Organizador_Items/functions/domain/fn_createStoragePayload.sqf,1000,37505549b77d7bc2a3f168d6b11f54045f9402edbc6fe552a35e1d6fabffc0b3
ServoPeregrino_Organizador_Items/functions/domain/fn_deepCopy.sqf,627,fe249fd2a8c42bc44920e605926ef39c2f945f9ced1e2a465686877775fb36a7
ServoPeregrino_Organizador_Items/functions/domain/fn_generateItemKitId.sqf,1665,8be44c9f9221113c558c8720761ab2ef8cf4c37382526633557db115a19a9014
ServoPeregrino_Organizador_Items/functions/domain/fn_isValidItemKitId.sqf,1087,97a35cc7b0910dc9500288dc2d8acef7f56d815431545979c5d8f49242204d36
ServoPeregrino_Organizador_Items/functions/domain/fn_normalizeItemEntries.sqf,1872,35775817525e955fa0cfe4178cae9f40ce6ed71dfbbd360976c05faacc39f65f
ServoPeregrino_Organizador_Items/functions/domain/fn_renameItemKit.sqf,803,ddbb7c205622c250c98c5a27c765a8105811589f04aa736147bc9b6b0f0aa536
ServoPeregrino_Organizador_Items/functions/domain/fn_validateItemEntryEnvironmental.sqf,1249,cd7a08726cae56cb35eefce835893215d204a655664ecf0b931e30fc27033478
ServoPeregrino_Organizador_Items/functions/domain/fn_validateItemEntrySemantic.sqf,2916,74c36b00ba08f25eb34bfc4748fb02bc44270d4c53870a2645f9324f2e58f7b4
ServoPeregrino_Organizador_Items/functions/domain/fn_validateItemEntryStructural.sqf,1283,2f9b4111c05a2260427293577ce7736bb67685196f5d2efae231736497ff372b
ServoPeregrino_Organizador_Items/functions/domain/fn_validateItemKitEnvironmental.sqf,1362,f893d793388b5bf1fea9ccef34aa30fac0f0dbeb503dfcecd5d621afbfd40aca
ServoPeregrino_Organizador_Items/functions/domain/fn_validateItemKitSemantic.sqf,3023,3fb5b0e3b761f89459022d2e4aa4227ec34fb67dfb717ab77763c61ae7597709
ServoPeregrino_Organizador_Items/functions/domain/fn_validateItemKitStructural.sqf,2262,49eb2b035b3d1d905c6c06a19c5aba3dc787b14c7d97b7ee24801fd1b2bcfdbf
ServoPeregrino_Organizador_Items/functions/domain/fn_validateStorageSemantic.sqf,2148,20192ef03c4cf7208cc52426b5f4099fa1e82c8ca453dff5508eb42dd66d02c6
ServoPeregrino_Organizador_Items/functions/domain/fn_validateStorageStructural.sqf,1544,a8a5cc28f8f0283c40b0bf3665e43898024373e7ba3c89a3a3c2b6428a3758cc
ServoPeregrino_Organizador_Items/functions/draft/fn_addCatalogItemToDraft.sqf,2278,e7599054f68ebf1e5548aa64646b32fed78a18e6d3bc73ab1a4f1e509c946f47
ServoPeregrino_Organizador_Items/functions/draft/fn_addEntryToDraft.sqf,1724,8e4c5c4ef9be29f1e611ceadb6c816002dd5cb1b9164411e01e8825b43b377b3
ServoPeregrino_Organizador_Items/functions/draft/fn_clearDraftEntries.sqf,1747,aa8e9aab8af9e64d7eefd2c98fed968ab5458407849bf382081e229cae015732
ServoPeregrino_Organizador_Items/functions/draft/fn_createCaptureDraft.sqf,1437,d7e989f905464e5b0e7a96176dd8f138223bf0b6d2db4b44eed1a290fd5d161d
ServoPeregrino_Organizador_Items/functions/draft/fn_createNewDraft.sqf,2844,41f3f32ed66048411976817a48645c839e32c59760849161185dc2c3d49f35ff
ServoPeregrino_Organizador_Items/functions/draft/fn_decrementDraftEntry.sqf,1075,31aaa40ccd1fa0a01cbd2a168b9ea0986ad5c3dd62506ecd5c8515dbf0acc1d0
ServoPeregrino_Organizador_Items/functions/draft/fn_deleteKitPreservingDraft.sqf,2168,7cdeeef127c7884762927af4e3bb22b55acba55362ac265e737041f6bee36d2c
ServoPeregrino_Organizador_Items/functions/draft/fn_detachDraftFromPersistedKit.sqf,1854,9fa4fbaeef482fdc99aaf75e42611a7c6a0a1bf1515e6376f63a592052a93285
ServoPeregrino_Organizador_Items/functions/draft/fn_discardDraft.sqf,2845,d795f94e886c9818b445e2ee7719f7905c1b3bc52a076d922f7994d564f7b976
ServoPeregrino_Organizador_Items/functions/draft/fn_getDraftState.sqf,1286,99439b29cda973f66dfb93f63a44095d69efe9dfdd7c1f22389cfec76c0dbbd4
ServoPeregrino_Organizador_Items/functions/draft/fn_incrementDraftEntry.sqf,1915,debbfa9e0703a809d52b026d12572fd5383dd4cd2db62e1b52fa287e21c2e30a
ServoPeregrino_Organizador_Items/functions/draft/fn_loadDraftFromKit.sqf,1988,950d8521744f4a482fd0994a5e98ae7888ee6fbf9e8182c9680caa5a4c189b9c
ServoPeregrino_Organizador_Items/functions/draft/fn_mergeEntriesIntoDraft.sqf,1595,e300c110128f92d385801c36980eb55448780e968b71c9a01a7bda23ab267a17
ServoPeregrino_Organizador_Items/functions/draft/fn_mergeKitIntoDraft.sqf,759,3633863867466e7fca6a239a701f3468339f8ee786db432960c29105061b841b
ServoPeregrino_Organizador_Items/functions/draft/fn_openCaptureDraft.sqf,2612,3f45166dffd121d81e06b6b672756f8840cba095e076f95a0bf181d5b992bda8
ServoPeregrino_Organizador_Items/functions/draft/fn_removeDraftEntry.sqf,1758,a23ead3e645cde8adf0a06fc862c896d307bd9dd1337652616aaff748a1bc336
ServoPeregrino_Organizador_Items/functions/draft/fn_saveDraft.sqf,4748,adfd3aa982a9341c389ebf7d233154a1641da3af21c5d0d41c42201318163180
ServoPeregrino_Organizador_Items/functions/draft/fn_saveDraftAsNew.sqf,2349,6c1e1e7aa7e24ac249e97b80ff8a91dba042be8df7feb65a2cae6cb2cbdccdea
ServoPeregrino_Organizador_Items/functions/draft/fn_setDraftEntryQuantity.sqf,3102,4c604cc0bf5ece89ca0fe662c93cf0bada00ef9a24f853d54cdfabae27c45e98
ServoPeregrino_Organizador_Items/functions/draft/fn_setDraftName.sqf,1322,6f8950ba667262be3eaa5552451d97ece22bda613e300ffabfa4b85fa9fdc093
ServoPeregrino_Organizador_Items/functions/draft/fn_setDraftPreferredTarget.sqf,1713,d3d25a50438a5669520ae865628eb197bd1758a110048403d2b96239deecaf4e
ServoPeregrino_Organizador_Items/functions/integration/fn_validateNexus.sqf,3812,5d394397b1732b5616a0bffe260fab5db26c314a7bc18ef8bf6403dc1176e39e
ServoPeregrino_Organizador_Items/functions/inventory/fn_analyzeContainerCargo.sqf,4762,9a308925b42cf0bb58cc3fb9dc65561d6a0b271163b45b001a1e4bc7507e22c1
ServoPeregrino_Organizador_Items/functions/inventory/fn_buildMutableFingerprint.sqf,1280,832300754039dc4baf9eae71fc4190ce207589ecce9988e6ab5384e499c96f32
ServoPeregrino_Organizador_Items/functions/inventory/fn_captureContainerContent.sqf,1425,db72c7486fe04b2486ea16dd0422a973f56c0d4a63398d4fa26cce92ba3f9138
ServoPeregrino_Organizador_Items/functions/inventory/fn_capturePlayerContainer.sqf,3144,a6d0a93301dba52e5773a8d35ca11671a2b3fe73a5448c2c77670f19e068b895
ServoPeregrino_Organizador_Items/functions/inventory/fn_capturePlayerContainers.sqf,4285,fce3798f29cabdd0a3926a23d5dead6ae08fc520c655702fc8e854a90b86c8d0
ServoPeregrino_Organizador_Items/functions/inventory/fn_classifyCargoClass.sqf,637,466bea9f1e79989155704ecdbe84542ff296a689124dab26eb4c06af11798793
ServoPeregrino_Organizador_Items/functions/inventory/fn_compareLoadoutFingerprints.sqf,1855,b52cb5b22cc5e41d865bde86e12be9f663fb811159bbf4256b6913f3b5873c8f
ServoPeregrino_Organizador_Items/functions/inventory/fn_getContainerCapacityMetrics.sqf,2236,448f589d0eb75de5dc32a171a69ecbb09c0e2b4f00b9b0e319ed8c9bf848c074
ServoPeregrino_Organizador_Items/functions/inventory/fn_getLoadoutFingerprint.sqf,639,675e7f6bb0dbae8193a0f28cf518ed4a4c6643a8aceb50b59bac1017846d5673
ServoPeregrino_Organizador_Items/functions/inventory/fn_getMutableContentFingerprint.sqf,876,2f590f517f2d20ddc2e4589d62fb0a31af496a06ae43fadbbf41dcdcebde8195
ServoPeregrino_Organizador_Items/functions/inventory/fn_resolvePlayerContainer.sqf,2122,f9bfa6d7b28ace5cb5cc65380c8a3b1546968e74167f249503bd38a15a96e2e3
ServoPeregrino_Organizador_Items/functions/library/fn_clientReceivePublicLibraryResult.sqf,1957,149cb946c0692c781462e280ac8ad056a20d59eeeca4e6ac1680d51b580d981f
ServoPeregrino_Organizador_Items/functions/library/fn_commitPublicKitSnapshotServer.sqf,3512,b3fb39664a9473465e1198412022dd3e25d1aef69e31843e06e04690af1567d5
ServoPeregrino_Organizador_Items/functions/library/fn_getPublicKit.sqf,1649,d3b690b0ddc403acf7b2e381fedcfd1f710222a9947ce086171a743cbb577153
ServoPeregrino_Organizador_Items/functions/library/fn_getPublicLibrary.sqf,1962,1c09768faf2a55eba185388724fea169e24448f631cc6d2405d1ea523ceea706
ServoPeregrino_Organizador_Items/functions/library/fn_initializePublicLibraryAuthority.sqf,2353,74de55972006e9ce72699ac86ee73ed526ec4810e5d61230f1cb95d9a5a6955e
ServoPeregrino_Organizador_Items/functions/library/fn_listPublicKits.sqf,1643,ed252cf2c0b4a0726d9bdcb99cb11f4576b1ba71dc8a1b093bd7fac59bb8e003
ServoPeregrino_Organizador_Items/functions/library/fn_publishKitToPublic.sqf,1564,5283db698c72b65f7fc86a17e7e57d30e849690ea5c4aa86cb21ae37977d0460
ServoPeregrino_Organizador_Items/functions/library/fn_requestPublicKitPublish.sqf,2155,f2713be1edec2d82ba0a65c888cdcc558e1cd9fa83f06b811c92168917b73a76
ServoPeregrino_Organizador_Items/functions/library/fn_savePublicKitToPrivate.sqf,1685,ca38d35d2e71cc89d79718631aad238cd50327f7ea211fbfe7c18388a0b4150f
ServoPeregrino_Organizador_Items/functions/library/fn_serverHandlePublicLibraryRequest.sqf,2162,bb3ab8afef0b76892e8153bb6c09940a86d54b069139e095d99a3aaed1cb22fe
ServoPeregrino_Organizador_Items/functions/lifecycle/fn_getBuildInfo.sqf,2109,e9a214198570ada517b1cc8e02edb4eaa885e0aee6ac89cef5373c8d390ead06
ServoPeregrino_Organizador_Items/functions/lifecycle/fn_initialize.sqf,13419,b40a322595cb145aedaed37f513ad011e582c808972f7e13dfd00820019f3c6b
ServoPeregrino_Organizador_Items/functions/runtime/fn_getRuntimeStatus.sqf,5080,791601f9598dcb936c6c882e10d07ac65b24e973644145bd0a5053bfa41d9144
ServoPeregrino_Organizador_Items/functions/storage/fn_buildRepositoryState.sqf,1286,7543b317685781eaa783587df81fa088928633548c73005f42e3929c61ecf9cc
ServoPeregrino_Organizador_Items/functions/storage/fn_cloneKit.sqf,1558,5350425b4417434c0d4ad5f61278616cfef63c24d679f93aaa3188aa115254a5
ServoPeregrino_Organizador_Items/functions/storage/fn_configureRepositoryTestMode.sqf,2330,8989bd3de3078c94210a64fed6da36a4979fc3ec6fae178c5148521634d06102
ServoPeregrino_Organizador_Items/functions/storage/fn_deleteKit.sqf,1918,6322d81fa1dce00086c32370ce11cb5c4911cdc87612634447c1120f2f29a615
ServoPeregrino_Organizador_Items/functions/storage/fn_getKit.sqf,1471,8661af5e90bb19073647b48d5e8e58894c9608292b816835abf8e4f6d2fe4f61
ServoPeregrino_Organizador_Items/functions/storage/fn_getRepositoryKeys.sqf,1154,cac418e266e272b4410ca67e48fc883d25e19b96ec5c4d1e64f0faea0844839a
ServoPeregrino_Organizador_Items/functions/storage/fn_getRepositoryStatus.sqf,1140,e7fe8cf256702cb3c1f48094240bc21493d0d85bfbce50981519413e131b5ab7
ServoPeregrino_Organizador_Items/functions/storage/fn_injectTestStoragePayload.sqf,1429,a0cfb040ef8dc141099d39c66659f25be0093e2d383006d37bca2616d95592b3
ServoPeregrino_Organizador_Items/functions/storage/fn_listKits.sqf,1376,036d2518873bb359e5be71e92b026ee57ebeac76873941fd41dde885f1fdddfb
ServoPeregrino_Organizador_Items/functions/storage/fn_loadStorage.sqf,5082,7c21b5bd0d29e253bd61d5b5279223006b0987d42dee337b474e7271aead58fa
ServoPeregrino_Organizador_Items/functions/storage/fn_migrateStorage.sqf,2466,ea911fcadec28ccd39820dc56d8c1b2dfc88133defb7abedb4120fd8255f006a
ServoPeregrino_Organizador_Items/functions/storage/fn_saveKit.sqf,2420,0b5fdff6f950d00b8fcf1c1689507d74b44531f01c481e99b5bc9c69c600d80f
ServoPeregrino_Organizador_Items/functions/storage/fn_saveStorage.sqf,3494,62bb300d339786d58cb096e0e3971b0d948533ecaa333dbee26af6ebb5aa1dc9
ServoPeregrino_Organizador_Items/functions/tests/fn_captureProductionRepositorySnapshot.sqf,899,ba231265b355ddf4a7859541b1b0354f63a7fe7b4a241c509ad23121c7dc0f0b
ServoPeregrino_Organizador_Items/functions/tests/fn_classifyLeakedTestKit.sqf,1602,15663ade8740bde6ece38d66ea83bdb82bd2ac3b30271cc1a6ea5d8b7baa1690
ServoPeregrino_Organizador_Items/functions/tests/fn_cleanupLeakedTestKits.sqf,1343,c9dd047d4f55cce6b64e406ad8980b90d23ef09399bb23d338abbab2a3766bfc
ServoPeregrino_Organizador_Items/functions/tests/fn_findLeakedTestKits.sqf,1808,eda57b634817fee92a755721dc86df8e220a183b38ab37587ed8222a81808a00
ServoPeregrino_Organizador_Items/functions/tests/fn_getDelivery0_10TestContract.sqf,6232,f448d38d9c0de36e0a135775effa2a5fd1f98f2c5b25d1d56e8e487693d64938
ServoPeregrino_Organizador_Items/functions/tests/fn_installTestActions.sqf,8421,afd916369741df2c1f6b0f8f9d808e67a32b99eebb85bf7e5001b6d032dbd588
ServoPeregrino_Organizador_Items/functions/tests/fn_prepareCumulativeTestRun.sqf,479,1097820458881512c43deb57fa58cf27f8093afd2770a91718de37cc28f6799a
ServoPeregrino_Organizador_Items/functions/tests/fn_resetRuntimeForTests.sqf,1681,83a4415ad228b0cf70574be988710e3471511779e5bff27dac390fcfe7562b2e
ServoPeregrino_Organizador_Items/functions/tests/fn_restoreProductionRepositorySnapshot.sqf,1191,87b2e47804322396a44f99f3be69a718bc31a231682707ea5a9d5c5d345565c3
ServoPeregrino_Organizador_Items/functions/tests/fn_runDelivery0_10CheckpointATests.sqf,7534,44b3190c9be50171c0f7bce852d300b0dfebdf2204f9ff068b59733bd5080086
ServoPeregrino_Organizador_Items/functions/tests/fn_runDelivery0_10CheckpointBTests.sqf,29917,ac6545e054e23ab617c39e1413a3b8d860921c6ce74426bac3d0a5b7ed4da3bc
ServoPeregrino_Organizador_Items/functions/tests/fn_runDelivery0_10CheckpointCTests.sqf,20836,8668b68c484a43a878f96472f1704f5684de2098fc574f30698743c68a7c6533
ServoPeregrino_Organizador_Items/functions/tests/fn_runDelivery0_10CheckpointDTests.sqf,26360,e94aeba774c29a7030ca06e4377aa63648318538e07ea7b10360dcff9aeee88c
ServoPeregrino_Organizador_Items/functions/tests/fn_runDelivery0_10_0_7HotfixTests.sqf,28344,e0c2d679c48fd8b21c261e041a88083b981538ec1f6d76d86be9c000d1a39904
ServoPeregrino_Organizador_Items/functions/tests/fn_runDelivery0_11CheckpointATests.sqf,21731,bf39977516c46502969e2f5cce08f4f1f19f7e85559557bd0a907fae19081bfa
ServoPeregrino_Organizador_Items/functions/tests/fn_runDelivery0_11CheckpointB1Tests.sqf,12346,fd1731b8137bd46377877394e64bb0cb8af9391c89212e2d9a6d80f86586df0e
ServoPeregrino_Organizador_Items/functions/tests/fn_runDelivery0_11CheckpointB2Tests.sqf,11817,3e7c72c9d001b16dd4172d995ff28ac788817ca7e768f20e227d049c427847c0
ServoPeregrino_Organizador_Items/functions/tests/fn_runDelivery0_11CheckpointB3Tests.sqf,15365,6a6aaa4c4690ffb8984ed5922ecad3c5726d9379f38fb5ed86342dee968e69b5
ServoPeregrino_Organizador_Items/functions/tests/fn_runDelivery0_11CheckpointB4Tests.sqf,14240,d64f3b76b0a6a23f663f41c5d0812f1b87e529fc17316dda800a39fc16485c32
ServoPeregrino_Organizador_Items/functions/tests/fn_runDelivery0_11CheckpointB5Tests.sqf,21288,534aab65d6a0fca5a48054292c56b38359ce0cfb58edad67a7a76e82560e3c07
ServoPeregrino_Organizador_Items/functions/tests/fn_runDelivery0_11CheckpointB61Tests.sqf,17548,6797f4e4d2e6f923906734e3e414b6995e772f8e34d6d42d4742bb63c37d5cf0
ServoPeregrino_Organizador_Items/functions/tests/fn_runDelivery0_11CheckpointB6Tests.sqf,15136,0db60c69faa8e7e092c56d8f5d1d0b8627727412667e5fc8fa19a035f276780c
ServoPeregrino_Organizador_Items/functions/tests/fn_runDelivery0_11CheckpointB7Tests.sqf,16109,258ff034e99ad934b20def6983cefe6f7d026373e1ab8ddb840a68c09b162ed5
ServoPeregrino_Organizador_Items/functions/tests/fn_runDelivery0_11CheckpointBTests.sqf,15178,22c0e29b591d80f5d2b804aa15145b87f0f2ce5b927e5223ed23402bbcacbdbe
ServoPeregrino_Organizador_Items/functions/tests/fn_runDelivery0_11CheckpointCTests.sqf,15171,158d21fa5b15dce67dee3177a129ff2b082839244ff1bf385913124dd2654230
ServoPeregrino_Organizador_Items/functions/tests/fn_runDelivery0_11CheckpointDTests.sqf,15587,0963eee4f6cc3ac12d6ccc679729e2c7a95156800b152582a7d22b6900806434
ServoPeregrino_Organizador_Items/functions/tests/fn_runDelivery0_12CheckpointATests.sqf,11387,0c60ea746991cb5be5e637266f6c41cd6675fc6ad1954818b2318a9cc9d00a55
ServoPeregrino_Organizador_Items/functions/tests/fn_runDelivery0_12CheckpointBTests.sqf,9484,ae112454ccbc2b21379d2c542fa5d7d9a290885999293325338b19ce2cbc0460
ServoPeregrino_Organizador_Items/functions/tests/fn_runDelivery0_12CheckpointC2Tests.sqf,9729,9398a933b3222f7c68c66ec0a8975a1fdc82b9b93c33befcb093244f3fd98e44
ServoPeregrino_Organizador_Items/functions/tests/fn_runDelivery0_12CheckpointC3Tests.sqf,11167,00874c7e8734212064e45f677f2e6a55c0b14463c2325415a5c4ac032f7accb4
ServoPeregrino_Organizador_Items/functions/tests/fn_runDelivery0_12CheckpointC4Tests.sqf,10916,fbbb45142e273cd53e0405f6e58d0f87fc070f6a44cf7a7df4a1027ef528377e
ServoPeregrino_Organizador_Items/functions/tests/fn_runDelivery0_12CheckpointC5Tests.sqf,9611,f7000a3e999ab50d3d13cfbe634524f141208c34c56522170e8fcb128cd9c789
ServoPeregrino_Organizador_Items/functions/tests/fn_runDelivery0_12CheckpointC6Tests.sqf,19226,eb2f954e3e82f7905575a4422d557afdc50a1389740e3e821f5de62c27d7ac4a
ServoPeregrino_Organizador_Items/functions/tests/fn_runDelivery0_12CheckpointC7Tests.sqf,16399,8f4da3cddfdc51dbbc63c64e9fcb78df0c1bcf22f9abb25946860fb45268431d
ServoPeregrino_Organizador_Items/functions/tests/fn_runDelivery0_12CheckpointC81Tests.sqf,12665,0aeffbef827b614ebc66e3153fe1cef8d0e7679b1247de2ea7050057026385d7
ServoPeregrino_Organizador_Items/functions/tests/fn_runDelivery0_12CheckpointC8Tests.sqf,13033,608153f2f1ac72639a5703ee9ff924cc69b0606ac302dfe5780be651db7f1627
ServoPeregrino_Organizador_Items/functions/tests/fn_runDelivery0_12CheckpointCTests.sqf,11694,9fb5a10c01fbc0e5b1ca6c19f3d7077c15f761d4b1b520a931640569bb88bde9
ServoPeregrino_Organizador_Items/functions/tests/fn_runDelivery0_12CheckpointD1Tests.sqf,13816,04bd4a61f3f9c1d0edaf75a97c9ab8d399f4a9314430fc0153f418527cc16b71
ServoPeregrino_Organizador_Items/functions/tests/fn_runDelivery0_12CheckpointD2Tests.sqf,14420,690bf9b0e8c638cc628131436163ec6203fd16f2bb1f1e9937489065f0f202fa
ServoPeregrino_Organizador_Items/functions/tests/fn_runDelivery0_12CheckpointD3Tests.sqf,14317,f69051f1eaf8e83819e0f7e095f1cc18b659015056e56291378786e376cbe97e
ServoPeregrino_Organizador_Items/functions/tests/fn_runDelivery0_12CheckpointD4Tests.sqf,10749,22b6d717bf32f4a0c3c6132c357d1a39ea5c5f7db6187feb23ee03db33eb2ab2
ServoPeregrino_Organizador_Items/functions/tests/fn_runDelivery0_12CheckpointD5Tests.sqf,12217,97b2cc7fc307874144cdb88af2eeb770f60da69360f9583fb5fe035ec956a669
ServoPeregrino_Organizador_Items/functions/tests/fn_runDelivery0_12CheckpointD61Tests.sqf,10114,ee7a690410010dd8459d74f3c8187ecb943ba41957b3b2dd1007fa83ebd46b0a
ServoPeregrino_Organizador_Items/functions/tests/fn_runDelivery0_12CheckpointD62Tests.sqf,14041,9cb9b1c55a3a24dd6aa22400ecaab7d28b523e4213cff31f2f9fa5ec711f7272
ServoPeregrino_Organizador_Items/functions/tests/fn_runDelivery0_12CheckpointD63Tests.sqf,15992,2ea44f13c254871a0403f308ea9bc52f8a95d66cf246b8aa1a711eebec0ebcbe
ServoPeregrino_Organizador_Items/functions/tests/fn_runDelivery0_12CheckpointD64Tests.sqf,12784,6c0825a4bbdf3253a0286b30dcb7f85b8f8846ae554e4b0cb49bbab5648d71cc
ServoPeregrino_Organizador_Items/functions/tests/fn_runDelivery0_12CheckpointD6Tests.sqf,14792,04673c8d3865f6b72fda9095f8972a818c5256a9a68c19935cc112839526cec3
ServoPeregrino_Organizador_Items/functions/tests/fn_runDelivery0_12CheckpointD70Tests.sqf,14893,ac7950ad14bf16a9125c573d56bae55f206f83fc5f1421b63eb4302bf7e0f9df
ServoPeregrino_Organizador_Items/functions/tests/fn_runDelivery0_12CheckpointD71Tests.sqf,13096,c73c7f050e7adbfd74fb59cf4e6fc973f32877ac31714dbf6461b5c6a9559950
ServoPeregrino_Organizador_Items/functions/tests/fn_runDelivery0_12CheckpointD72Tests.sqf,14800,d7796555a9fe3f83d8458c327bcb3483169c38780c30f62498aea5ac4b4a1980
ServoPeregrino_Organizador_Items/functions/tests/fn_runDelivery0_12CheckpointD73Tests.sqf,16345,9b48535c77675cf92a70e26549c11c5d59e8b53fecf04ac0634617eae812777d
ServoPeregrino_Organizador_Items/functions/tests/fn_runDelivery0_12CheckpointD74Tests.sqf,15065,b92c66a638dfd8f89118f99053d45a88172f7182e02b16b327331702cdf8b9b6
ServoPeregrino_Organizador_Items/functions/tests/fn_runDelivery0_13CheckpointATests.sqf,13376,fccc5700a600fbe87f62bcd85badbd4a5f8ae3d5f79e25c04a525483433e7f1f
ServoPeregrino_Organizador_Items/functions/tests/fn_runDelivery0_1Tests.sqf,6342,0a114ce2a475dc98bc321964cf51944e3d13145f4438e497f6076c33aab82513
ServoPeregrino_Organizador_Items/functions/tests/fn_runDelivery0_2Tests.sqf,23253,084b7e13a6349d734ce4f576280f3525d5933d5743c93fd47cff90e410cb54bc
ServoPeregrino_Organizador_Items/functions/tests/fn_runDelivery0_3Tests.sqf,40547,faa1068ae1e1452fc90ad9db42b918c565c28034739a51af56f2a46fc7e6eb88
ServoPeregrino_Organizador_Items/functions/tests/fn_runDelivery0_4Tests.sqf,53469,220c8f6ca01b2f2a88bec71b60c3b5e0bbfb5ffb1d5eacb032b809b8d0f54700
ServoPeregrino_Organizador_Items/functions/tests/fn_runDelivery0_4_1Tests.sqf,53728,e2e3a8659f2eaa3325938402ad577393b7dca4a0e933f2a4e70bb96d77954aa6
ServoPeregrino_Organizador_Items/functions/tests/fn_runDelivery0_4_2Tests.sqf,54464,e1e8cbc988653d390ea6373ada427396bfd3a326a74424e7bcd2053f194817d4
ServoPeregrino_Organizador_Items/functions/tests/fn_runDelivery0_4_3Tests.sqf,55036,bbf6c3836cc6177d117770dfcc19b02aff80a89cb63dc71ce78a3caf2aec1988
ServoPeregrino_Organizador_Items/functions/tests/fn_runDelivery0_5Tests.sqf,72638,a89feb8b02192725fab03f6444b3fdd2a9c987718a7c7797c558cd8ce80eae94
ServoPeregrino_Organizador_Items/functions/tests/fn_runDelivery0_5_1Tests.sqf,75995,a136c33375c32fe5001a760c0552b1d95085eb62cbab2cec3b644939332575d7
ServoPeregrino_Organizador_Items/functions/tests/fn_runDelivery0_6Tests.sqf,102228,7261772ca34951cf81d15fbbe877ca1136e7d2daa7c00ea4931047c062325c2e
ServoPeregrino_Organizador_Items/functions/tests/fn_runDelivery0_6_1Tests.sqf,109007,3b6de7e60540b74aa5d4dad57531bc288651fd356dac86958d22c4567c2d7216
ServoPeregrino_Organizador_Items/functions/tests/fn_runDelivery0_7Tests.sqf,121892,b958b90390cbd0a99ed89525abd595e4903cfc1a7524bc977ea4392ab7e6c8cb
ServoPeregrino_Organizador_Items/functions/tests/fn_runDelivery0_7_1Tests.sqf,124756,009765aec3cc4143212229200233750d58f8d0de9c654a425acf31f23b102451
ServoPeregrino_Organizador_Items/functions/tests/fn_runDelivery0_7_2Tests.sqf,126495,de5fb58a6284c6640dacd2e22f74a5e427cd8608e978640ab822b7fdc5d126ab
ServoPeregrino_Organizador_Items/functions/tests/fn_runDelivery0_8Tests.sqf,145392,319fe265955c2347b1175d636ec01edc0e4833fd695ba245081a483d8c2023e8
ServoPeregrino_Organizador_Items/functions/tests/fn_runDelivery0_8_1Tests.sqf,153003,2a2b7eeec9c46fa9623ba080116b09ed84b71e3a16341eff1dd2383ee2a68e06
ServoPeregrino_Organizador_Items/functions/tests/fn_runDelivery0_8_2Tests.sqf,154562,ac8e347e2a2b872dbe9090ddf5a7e70b8970a0f2a11c1e4148c41b5926910957
ServoPeregrino_Organizador_Items/functions/tests/fn_runDelivery0_8_3Tests.sqf,161482,5c230f3bb6a6a00ab0d2b80e3a38c84c0ac5a37aaea6c327a0e8f0660acd0470
ServoPeregrino_Organizador_Items/functions/tests/fn_runDelivery0_9Tests.sqf,184852,a93b70bdeecdcece0facc4cf9efa89f97656b301e3c49fc655073e6c6fc4c716
ServoPeregrino_Organizador_Items/functions/tests/fn_runDelivery0_9_1Tests.sqf,194710,a0233e8e0c470cd3ce6541df21a9e8731066cfbe996428ebd69b1e05a0c6a1db
ServoPeregrino_Organizador_Items/functions/tests/fn_runDelivery0_9_2Tests.sqf,201995,9e1d6c8ff5a4be30a4178cd0509024db5a211dc7984a45d7e81d15d450d8a28f
ServoPeregrino_Organizador_Items/functions/tests/fn_runDelivery0_9_3Tests.sqf,214465,955836c189299b1dc834f4a4ebab11e675e001a58c3d750b9e849bd383984371
ServoPeregrino_Organizador_Items/functions/ui/fn_buildUIViewModel.sqf,13604,3164ce783905e886e87759ed98f1258bc13797e32b4631780208576979695bdd
ServoPeregrino_Organizador_Items/functions/ui/fn_cancelUIDrag.sqf,3311,7c9a1ddb0cb5f3cf0037c8d0330be8016bf53824e3ec8375d8a1a509fc7cb7f9
ServoPeregrino_Organizador_Items/functions/ui/fn_captureEquipmentRowToDraft.sqf,747,ee771072ce8ec5dc2d7aa3127e351f53f5bbaf39b11079b482c9fe0b1f404f25
ServoPeregrino_Organizador_Items/functions/ui/fn_captureEquipmentToDraft.sqf,779,74c87c864d0d888bd8609b26bc290a4e21989f4cb299f4712d81ee451b016f6b
ServoPeregrino_Organizador_Items/functions/ui/fn_classifyUIOutcome.sqf,6379,b5abe2cde5bfa6cbe370c75edd82fcd20d0dc44122d69e32e515e9bf50dfad5c
ServoPeregrino_Organizador_Items/functions/ui/fn_clearKitLibraryActionStatus.sqf,1155,cbc55d62bd022d9abacc2ab6f0b4757847f85ad43a909da209e6f2b3b51df969
ServoPeregrino_Organizador_Items/functions/ui/fn_commitDraftQuantityFromControl.sqf,1977,96c88284e16a8a7c31595e4246f8805757f89dd962a2bd2b828cdfcaf087969d
ServoPeregrino_Organizador_Items/functions/ui/fn_commitEquipmentQuantityFromControl.sqf,840,cbdc62e36c468744e3dc394c524cea0a136ac2f6f610e6c5877c2ea0249a493b
ServoPeregrino_Organizador_Items/functions/ui/fn_createUIDragSnapshot.sqf,1868,a7b9bef5195912411f93767acbaa55cd995fc0ba4c71b4369e09921cd007cfda
ServoPeregrino_Organizador_Items/functions/ui/fn_createUIPhysicalRowCommand.sqf,3333,56f4a2cde3fb54374c00542cf35587c8540ec31d3a1ea2fb0eca66a97da36f41
ServoPeregrino_Organizador_Items/functions/ui/fn_createUIState.sqf,4145,16e180c4309a8fa6cc56130fbc82cbaa8fb8a1923b74380d9767a154369ef20b
ServoPeregrino_Organizador_Items/functions/ui/fn_escapeStructuredText.sqf,307,91bedb97846e630381142136b31bddd4de8681e363a1ed96f540547850da3df3
ServoPeregrino_Organizador_Items/functions/ui/fn_executeEquipmentClear.sqf,770,43b1b0221fefa37b5b2ce990f14a9911395dccc18aa97696e6de8d92dd6a6496
ServoPeregrino_Organizador_Items/functions/ui/fn_executeEquipmentRowAction.sqf,3143,f7a91d134c7cd61094cdf2e58f8f80e3a1bf82f7502b672b54461bc1ecc3f75a
ServoPeregrino_Organizador_Items/functions/ui/fn_executeUITransferCommand.sqf,11988,7a294c97b14ac8cc03147a824e2eecff21fe700c3a721d6098ed8d3308a31f72
ServoPeregrino_Organizador_Items/functions/ui/fn_finalizeUIPointerDrop.sqf,3576,d77596dc23104e95111550a91daebd1b93f6aa5b00cbdcb14290ec89a38f8e00
ServoPeregrino_Organizador_Items/functions/ui/fn_formatUIMass.sqf,664,785a4eb2d29b5ba970ff161499645aa725542bf3b236256ea679de1e5024e8b8
ServoPeregrino_Organizador_Items/functions/ui/fn_getResponsiveCatalogLabels.sqf,264,6dfa6d49e379b79ca986c31630e22c0a607469346b1300ed870a2c7b1b4add90
ServoPeregrino_Organizador_Items/functions/ui/fn_getUICatalogWindow.sqf,5646,a1ed802a8b7cfa644b9faa980577bdc6ac4f961cdd8156809b9b467630db7140
ServoPeregrino_Organizador_Items/functions/ui/fn_getUIEntryAwareness.sqf,1204,027b5471875511d89da6fe287f36ddc5929a18f64b396ee9fc4564c3e9df5098
ServoPeregrino_Organizador_Items/functions/ui/fn_getUIFeedbackPalette.sqf,651,c25676b34325af5d3532ec3770b693efe2ef717dce9b9d8f3afba80ded86b1af
ServoPeregrino_Organizador_Items/functions/ui/fn_getUIItemKitAwareness.sqf,978,9438dfe768e6ea87be3aa3c0666bed57b4996baf07c3c7ba90349af68e4c6177
ServoPeregrino_Organizador_Items/functions/ui/fn_getUIMovementSoundProfile.sqf,4135,4dee94decae3ecc5a16b02eaee314c449038741767700786cf6d0e187f93f710
ServoPeregrino_Organizador_Items/functions/ui/fn_getUIPhysicalReadiness.sqf,7085,5de9b72937374f3f004c0d4a884af505dfab2bb58b997eeb8e88e73d9690482a
ServoPeregrino_Organizador_Items/functions/ui/fn_getUIState.sqf,508,629e26b40a6e51ba9b12ebb38f8136bfa1eef3239d0a10709a17e6146d713aca
ServoPeregrino_Organizador_Items/functions/ui/fn_getUITargetLabel.sqf,508,21b223c89ad2a9eb4986a360cc3bd327c27a4eb58846be742eb907c3b33f1913
ServoPeregrino_Organizador_Items/functions/ui/fn_handleDraftQuantityKeyDown.sqf,433,357ed1118642d54ad19d4aba99fb1919368ede226b77a4f1a16810f252b79eca
ServoPeregrino_Organizador_Items/functions/ui/fn_handleDraftRowAction.sqf,1861,01bcf7916875366408a53707b42d99a475aa164dc571a21d98e625d7b641c517
ServoPeregrino_Organizador_Items/functions/ui/fn_handleEquipmentQuantityKeyDown.sqf,430,dccaaf45e362c1661388086bd9c556f0076e68669c0de11b886b31760c639d00
ServoPeregrino_Organizador_Items/functions/ui/fn_handleUIDragEvent.sqf,17398,24c3427941e0714b4278ca90c71b10233cbb9f629344bae323bac9176b22f7cd
ServoPeregrino_Organizador_Items/functions/ui/fn_handleUIEvent.sqf,33232,e7f5bf043e670dd037892e62f563e1e56181782df8ce986095522c012fe82fe9
ServoPeregrino_Organizador_Items/functions/ui/fn_handleUIKeyDown.sqf,2785,75a28b5cb958117fe2671bd0858b6ba16ac17b5177c631190755631d7f36aa63
ServoPeregrino_Organizador_Items/functions/ui/fn_handleUITransferToDraft.sqf,5250,1b91e9cb42c9558f73c43a308431ba16822052041cb5fa3c83001e5bd29c17dc
ServoPeregrino_Organizador_Items/functions/ui/fn_handleUIWheel.sqf,2220,87a6d521b3a538cce381a40d6e917a12cb4a9d6ca4bb77396a6cc4c0852d958f
ServoPeregrino_Organizador_Items/functions/ui/fn_onInterfaceLoad.sqf,3960,283db44730487ddb6d4db17dc21f6fa89cad10738c9e0d0940d626d580251ef4
ServoPeregrino_Organizador_Items/functions/ui/fn_onInterfaceUnload.sqf,531,5d42ed15c113004335c68777b60417fb0d95a569622e28ef5b53f81e02b00172
ServoPeregrino_Organizador_Items/functions/ui/fn_openInterface.sqf,2061,0489eb80400bdcddb5ac6323eaf6b121535394e3617f659e8c98cbe18bdde093
ServoPeregrino_Organizador_Items/functions/ui/fn_playUIFeedbackSound.sqf,2658,8711b8633c926c521a5bb9fe6af01c6d169c50ea88c86d05e902d7e1ecd29f47
ServoPeregrino_Organizador_Items/functions/ui/fn_playUIMovementSound.sqf,4980,310cdc2f778bca286116c4e85a365750c20054f97ea7bd7d2108bc77225e23f4
ServoPeregrino_Organizador_Items/functions/ui/fn_presentLogicalMutationResult.sqf,1432,c2d2ea1d087ef47b4579b9186e9f7efeec563030605a001b7b36da9c3d568df0
ServoPeregrino_Organizador_Items/functions/ui/fn_presentUIResult.sqf,2216,4097b421fde643c5786b88564c780a21bbdbd831a572d23e92c936210d6adf58
ServoPeregrino_Organizador_Items/functions/ui/fn_pushUIFeedback.sqf,917,b85aa5b9ebb6e0ba45c532d05849f17494ee87747da9e55b4d21d5de3d40fa0e
ServoPeregrino_Organizador_Items/functions/ui/fn_reconcilePrivateKitSelectionAfterDelete.sqf,2844,a6310fb5ce3db6ff48c0fc0106f87b61564b6291757dc07798510227a62ebb74
ServoPeregrino_Organizador_Items/functions/ui/fn_refreshCatalogSelectionDetails.sqf,2005,3e4467e00514fb149e56ebece4e17a796f62cad972414f8163509f9270147c14
ServoPeregrino_Organizador_Items/functions/ui/fn_refreshCatalogWindowUI.sqf,8871,153d2e9dcd3d03c650f95fdc702effc44edc03c3bb550514f53be5e2a359b455
ServoPeregrino_Organizador_Items/functions/ui/fn_refreshDraftMutationUI.sqf,13452,0a8a8a5e2ea0db797b8bbd743f03406471b1213d7f62343cc1bb36c4780dc887
ServoPeregrino_Organizador_Items/functions/ui/fn_refreshEquipmentSelectionControls.sqf,2044,1e224b7ccde989f990f3ecc46d0029ebb8e9ea846ddd60d5c690d04f474d3617
ServoPeregrino_Organizador_Items/functions/ui/fn_refreshEquipmentViewUI.sqf,8961,6b4a31763ec0f7b2feb60c481eb9a0fb79abf50370345cec4b5b16c7a0226dfa
ServoPeregrino_Organizador_Items/functions/ui/fn_refreshHeaderStatusUI.sqf,821,b3aa62b43d95bdcd480641bc60c252763945eea7f789e148edb06266c8309bac
ServoPeregrino_Organizador_Items/functions/ui/fn_refreshHeaderUI.sqf,3350,359d246f4d543c4127a7704c01e83acc88e5bf8c1b5022aec68d90e8ae9a6fcb
ServoPeregrino_Organizador_Items/functions/ui/fn_refreshInterface.sqf,25966,11e686e1e76cd420689ecd4ed91b537b4ea7fc771359c8ecc86999276533b143
ServoPeregrino_Organizador_Items/functions/ui/fn_refreshKitSwitchUI.sqf,5801,211f74fdee2f402b38be3536b575beaf2a7e57f825bd75754f1a65da0593030b
ServoPeregrino_Organizador_Items/functions/ui/fn_refreshPhysicalMutationUI.sqf,10473,efd084fc396640f8e9f9ab50168d95d6c65f7e30971a94affd3b52b96b736a9d
ServoPeregrino_Organizador_Items/functions/ui/fn_refreshPhysicalTargetUI.sqf,7622,a51cbbdf1b361d55f9220d5456cd3f3dda72755108c3cbcac08f7095352d5415
ServoPeregrino_Organizador_Items/functions/ui/fn_renderCatalogRowsUI.sqf,6873,252ef27c5914a8d39581f6628f9939d8ba1398ef9be7039067d35d34a6cc1ac9
ServoPeregrino_Organizador_Items/functions/ui/fn_renderEquipmentRowsUI.sqf,9365,c13983259828336e48004d270174061f7ec44aed1b080ebcf33a045a8c848ca6
ServoPeregrino_Organizador_Items/functions/ui/fn_requestDraftTransition.sqf,7028,f4c5a16b884fea4076e1e48ad9958cd30d9fb496fe6f9bc7b711ffb489d61f27
ServoPeregrino_Organizador_Items/functions/ui/fn_requestEquipmentRowAction.sqf,2632,7f27d8709b6a0270790f2e7cd53eb54675245add071a100c9d6fffe8155616e3
ServoPeregrino_Organizador_Items/functions/ui/fn_resolveUIItemMetadata.sqf,477,6d9edde672c77e23a49b98cbbc4c4b8968c74e805b156a54ce93c5cbd1cbb122
ServoPeregrino_Organizador_Items/functions/ui/fn_resolveUIPanelDropTarget.sqf,2872,b0f2133d094979780d1d0c49370afbd0e8f10ceb8d83f3a5654211831fa92cb6
ServoPeregrino_Organizador_Items/functions/ui/fn_resolveUIPointerSource.sqf,4890,099d68bd4425393b0725b1df752dfc4362e367e97de533ef2663495342c56931
ServoPeregrino_Organizador_Items/functions/ui/fn_scanVanillaInventorySounds.sqf,2091,c9776253494671368c1f50128ee227f88adccd1ab55d519208b007f0ecd2dda6
ServoPeregrino_Organizador_Items/functions/ui/fn_updateUIDragVisualProxy.sqf,5100,ebbaad135efe50b59ccf93363818cce83b4863db38fdd39022c1900e1ebbf885
ServoPeregrino_Organizador_Items/functions/ui/fn_updateUIItemTooltip.sqf,5839,e9ad2ae786c7350e5315d659d9a7edc437cffda899071f5dcde39a6a7c10a68b
ServoPeregrino_Organizador_Items/script_version.hpp,36025,9d4756ae4d83b804d136b8a6022a9d7b596fa83e0943e2590e12925ecac468ce
ServoPeregrino_Organizador_Items/sounds/ui_blocked.ogg,3648,2ff523a1f6d32fb5484be8d619ab5ed18d90bbc0c24682d71bbfe1c3f4e8976a
ServoPeregrino_Organizador_Items/sounds/ui_failure.ogg,3869,56ed8265c146cdefbc321d4052c83669128751dfa0ec0936a17c602fada12d92
ServoPeregrino_Organizador_Items/sounds/ui_partial.ogg,3728,6654f12369dec63c8db1630e86ab251c5654307e9c649bd21022351025be6ebc
ServoPeregrino_Organizador_Items/sounds/ui_rollback.ogg,3619,90e570780d7c573c6d3d5f27addc72313640834a32f3789693c64a30141f9973
ServoPeregrino_Organizador_Items/sounds/ui_success.ogg,3972,08b4ca0043d67e7e77fbe099f1cf3f5fad64d3a4cffe2bca4a17dd12ddd3737c
ServoPeregrino_Organizador_Items/ui/items_dialog.hpp,49931,ba3f7abd75df2a28f7d01824dc65c22e936cead93c82293013e50077e88eab52
SP_ORG_Items_0_13_A_Multiplayer_Lab_8Slots_R3.VR/description.ext,488,df936c04748f7fc37a9e0239bc2986138be6b46b0379dda14af655117acaacf6
SP_ORG_Items_0_13_A_Multiplayer_Lab_8Slots_R3.VR/initPlayerLocal.sqf,3420,e4cca95dfc9a86f7b764cd7d4e08bbbaf3af60d9c7b5d66554d1ef2d87c4d3c6
SP_ORG_Items_0_13_A_Multiplayer_Lab_8Slots_R3.VR/initServer.sqf,420,bf1999a74f31c9b9d59acc8c95e660b9a689c34fee6d12754d715b725fb0a684
SP_ORG_Items_0_13_A_Multiplayer_Lab_8Slots_R3.VR/mission.sqm,8212,43191acfeffa09538b73bd1d4417d42d86b6253e977aba1226afe2cd65f2a0c0
